[{"clientName":"Susan Lispinsky","email":"susanl@gmail.com","message":"I'd like to add my establishment to the website please."},{"clientName":"Marie Debussey","email":"mariedub@outlook.com","message":"Hello. I'd like to cancel a booking. Can you assist me?"},{"clientName":"Vegard Andersen","email":"vegard@gmail.com","message":"Hello. I didn't enjoy the last place I stayed at and would like to make a complaint."},{"clientName":"SvennLana","email":"Svenn","message":"Please work Svenn"},{"clientName":"","email":"","message":""},{"clientName":"Svenn Kristoffer Berg","email":"skb@markvn10.com","message":""},{"clientName":"dfghjkl,.","email":"dfghjm,.","message":"fghjk,"},{"clientName":null,"email":null,"message":null},{"clientName":"","email":"","message":""},{"clientName":"","email":"","message":""},{"clientName":"sdfghjkl\u00f8","email":"dfghjkl\u00f8","message":"fghjkl\u00f8"},{"clientName":"","email":"","message":""},{"clientName":"ssss","email":"sss","message":"ss"},{"clientName":"","email":"","message":""},{"clientName":"","email":"","message":""},{"clientName":"","email":"","message":""},{"clientName":"","email":"","message":""},{"clientName":"","email":"","message":""},{"clientName":"","email":"","message":""},{"clientName":"","email":"","message":""},{"clientName":"","email":"","message":""},{"clientName":"","email":"","message":""},{"clientName":"","email":"","message":""},{"clientName":"","email":"","message":""},{"clientName":"","email":"","message":""},{"clientName":"","email":"","message":""},{"clientName":"","email":"","message":""},{"clientName":"","email":"","message":""},{"clientName":"","email":"","message":""},{"clientName":"","email":"","message":""},{"clientName":"","email":"","message":""},{"clientName":"","email":"","message":""},{"clientName":"","email":"","message":""},{"clientName":"","email":"","message":""},{"clientName":"","email":"","message":""},{"clientName":"","email":"","message":""},{"clientName":"","email":"","message":""},{"clientName":"","email":"","message":""},{"clientName":"","email":"","message":""},{"clientName":"","email":"","message":""},{"clientName":"","email":"","message":""},{"clientName":"","email":"","message":""},{"clientName":"","email":"","message":""},{"clientName":"","email":"","message":""},{"clientName":"","email":"","message":""},{"clientName":"","email":"","message":""},{"clientName":"","email":"","message":""},{"clientName":"","email":"","message":""},{"clientName":"","email":"","message":""},{"clientName":"","email":"","message":""},{"clientName":"","email":"","message":""},{"clientName":"","email":"","message":""},{"clientName":"","email":"","message":""},{"clientName":"","email":"","message":""},{"clientName":"","email":"","message":""},{"clientName":"","email":"","message":""},{"clientName":"","email":"","message":""},{"clientName":"","email":"","message":""},{"clientName":"","email":"","message":""},{"clientName":"","email":"","message":""},{"clientName":"","email":"","message":""},{"clientName":"","email":"","message":""},{"clientName":"","email":"","message":""},{"clientName":"","email":"","message":""},{"clientName":"","email":"","message":""},{"clientName":"","email":"","message":""},{"clientName":"","email":"","message":""},{"clientName":"","email":"","message":""},{"clientName":"","email":"","message":""},{"clientName":"","email":"","message":""},{"clientName":"","email":"","message":""},{"clientName":"","email":"","message":""},{"clientName":"","email":"","message":""},{"clientName":"","email":"","message":""},{"clientName":"","email":"","message":""},{"clientName":"","email":"","message":""},{"clientName":"","email":"","message":""},{"clientName":"","email":"","message":""},{"clientName":"","email":"","message":""},{"clientName":"","email":"","message":""},{"clientName":"","email":"","message":""},{"clientName":"","email":"","message":""},{"clientName":"","email":"","message":""},{"clientName":"","email":"","message":""},{"clientName":"","email":"","message":""},{"clientName":"","email":"","message":""},{"clientName":"","email":"","message":""},{"clientName":"","email":"","message":""},{"clientName":"","email":"","message":""},{"clientName":"","email":"","message":""},{"clientName":"","email":"","message":""},{"clientName":"","email":"","message":""},{"clientName":"","email":"","message":""},{"clientName":"","email":"","message":""},{"clientName":"","email":"","message":""},{"clientName":"","email":"","message":""},{"clientName":"","email":"","message":""},{"clientName":"","email":"","message":""},{"clientName":"","email":"","message":""},{"clientName":"","email":"","message":""},{"clientName":"","email":"","message":""},{"clientName":"","email":"","message":""},{"clientName":"","email":"","message":""},{"clientName":"","email":"","message":""},{"clientName":"","email":"","message":""},{"clientName":"","email":"","message":""},{"clientName":"","email":"","message":""},{"clientName":"","email":"","message":""},{"clientName":"sdsd","email":"sdsds","message":"sdsdsdsfgdsfsaf"},{"clientName":"","email":"","message":""},{"clientName":"","email":"","message":""},{"clientName":"","email":"","message":""},{"clientName":"","email":"","message":""},{"clientName":"","email":"","message":""},{"clientName":"","email":"","message":""},{"clientName":"","email":"","message":""},{"clientName":"","email":"","message":""},{"clientName":"","email":"","message":""},{"clientName":"","email":"","message":""},{"clientName":"","email":"","message":""},{"clientName":"","email":"","message":""},{"clientName":"","email":"","message":""},{"clientName":"","email":"","message":""},{"clientName":"","email":"","message":""},{"clientName":"","email":"","message":""},{"clientName":"","email":"","message":""},{"clientName":"","email":"","message":""},{"clientName":"","email":"","message":""},{"clientName":"","email":"","message":""},{"clientName":"","email":"","message":""},{"clientName":"","email":"","message":""},{"clientName":"","email":"","message":""},{"clientName":"","email":"","message":""},{"clientName":"","email":"","message":""},{"clientName":"","email":"","message":""},{"clientName":"","email":"","message":""},{"clientName":"","email":"","message":""},{"clientName":"","email":"","message":""},{"clientName":"","email":"","message":""},{"clientName":"","email":"","message":""},{"clientName":"","email":"","message":""},{"clientName":"","email":"","message":""},{"clientName":"","email":"","message":""},{"clientName":"","email":"","message":""},{"clientName":"","email":"","message":""},{"clientName":"","email":"","message":""},{"clientName":"","email":"","message":""},{"clientName":"","email":"","message":""},{"clientName":"","email":"","message":""},{"clientName":"","email":"","message":""},{"clientName":"","email":"","message":""},{"clientName":"","email":"","message":""},{"clientName":"","email":"","message":""},{"clientName":"","email":"","message":""},{"clientName":"","email":"","message":""},{"clientName":"","email":"","message":""},{"clientName":"","email":"","message":""},{"clientName":"","email":"","message":""},{"clientName":"","email":"","message":""},{"clientName":"","email":"","message":""},{"clientName":"656","email":"eegpegp","message":"pegpieghpwenbgpiwenhgpiwe"},{"clientName":"Svenn Kristoffer Berg","email":"skb@markvn10.com","message":""},{"clientName":"Svenn Kristoffer Berg","email":"skb@markvn10.com","message":""},{"clientName":"","email":"","message":""},{"clientName":"","email":"","message":""},{"clientName":"","email":"","message":""},{"clientName":"","email":"","message":""},{"clientName":"","email":"","message":""},{"clientName":"","email":"","message":""},{"clientName":"","email":"","message":""},{"clientName":"","email":"","message":""},{"clientName":"","email":"","message":""},{"clientName":"","email":"","message":""},{"clientName":"","email":"","message":""},{"clientName":"","email":"","message":""},{"clientName":"","email":"","message":""},{"clientName":"","email":"","message":""},{"clientName":"","email":"","message":""},{"clientName":"","email":"","message":""},{"clientName":"","email":"","message":""},{"clientName":"","email":"","message":""},{"clientName":"","email":"","message":""},{"clientName":"","email":"","message":""},{"clientName":"","email":"","message":""},{"clientName":"","email":"","message":""},{"clientName":"","email":"","message":""},{"clientName":"","email":"","message":""},{"clientName":"","email":"","message":""},{"clientName":"","email":"","message":""},{"clientName":"","email":"","message":""},{"clientName":"","email":"","message":""},{"clientName":"","email":"","message":""},{"clientName":"","email":"","message":""},{"clientName":"","email":"","message":""},{"clientName":"","email":"","message":""},{"clientName":"","email":"","message":""},{"clientName":"","email":"","message":""},{"clientName":"","email":"","message":""},{"clientName":"","email":"","message":""},{"clientName":"","email":"","message":""},{"clientName":"","email":"","message":""},{"clientName":"","email":"","message":""},{"clientName":"","email":"","message":""},{"clientName":"","email":"","message":""},{"clientName":"","email":"","message":""},{"clientName":"","email":"","message":""},{"clientName":"","email":"","message":""},{"clientName":"","email":"","message":""},{"clientName":"","email":"","message":""},{"clientName":"","email":"","message":""},{"clientName":null,"email":null,"message":null},{"establishmentName":"","establishmentEmail":"","imageUrl":"","price":"","maxGuests":"","googleLat":"","googleLong":"","description":"","selfCatering":null,"id":""},{"clientName":"","email":"","message":""},{"clientName":"","email":"","message":""},{"clientName":"","email":"","message":""},{"clientName":"","email":"","message":""},{"clientName":"","email":"","message":""},{"clientName":"Svenn","email":"skb@markvn10.com","message":"i hate thsi pags"},{"clientName":"Svenn","email":"skb@markvn10.com","message":"i hate thsi pags"},{"clientName":"Svenn","email":"skb@markvn10.com","message":"i hate thsi pags"},{"clientName":"Svenn","email":"skb@markvn10.com","message":"i hate thsi pags"},{"clientName":"Svenn","email":"skb@markvn10.com","message":"i hate thsi pags"},{"clientName":"Svenn","email":"skb@markvn10.com","message":"i hate thsi pags"},{"clientName":"Svenn","email":"skb@markvn10.com","message":"i hate thsi pags"},{"clientName":"Svenn","email":"skb@markvn10.com","message":"i hate thsi pags"},{"clientName":"Svenn","email":"skb@markvn10.com","message":"i hate thsi pags"},{"clientName":"Svenn","email":"skb@markvn10.com","message":"i hate thsi pags"},{"clientName":"Svenn","email":"skb@markvn10.com","message":"i hate thsi pags"},{"clientName":"Svenn","email":"skb@markvn10.com","message":"i hate thsi pags"},{"clientName":"Svenn","email":"skb@markvn10.com","message":"i hate thsi pags"},{"clientName":"Svenn","email":"skb@markvn10.com","message":"i hate thsi pags"},{"clientName":"Svenn","email":"skb@markvn10.com","message":"i hate thsi pags"},{"clientName":"Svenn","email":"skb@markvn10.com","message":"i hate thsi pags"},{"clientName":"Svenn","email":"skb@markvn10.com","message":"i hate thsi pags"},{"clientName":"Svenn","email":"skb@markvn10.com","message":"i hate thsi pags"},{"clientName":"Svenn","email":"skb@markvn10.com","message":"i hate thsi pags"},{"clientName":"Svenn","email":"skb@markvn10.com","message":"i hate thsi pags"},{"clientName":"Svenn","email":"skb@markvn10.com","message":"i hate thsi pags"},{"clientName":"Svenn","email":"skb@markvn10.com","message":"i hate thsi pags"},{"clientName":"Svenn","email":"skb@markvn10.com","message":"i hate thsi pags"},{"clientName":"","email":"","message":""},{"clientName":"test","email":"er","message":""},{"clientName":"","email":"","message":""},{"clientName":"s","email":"","message":""},{"clientName":null,"email":null,"message":""},{"clientName":"","email":"","message":""},{"clientName":"","email":"","message":""},{"clientName":"ss","email":"ss","message":""},{"clientName":"Svenn","email":"test","message":""},{"clientName":"Svenn","email":"test","message":""},{"clientName":"Svenn","email":"test","message":""},{"clientName":"Svenn","email":"test","message":""},{"clientName":"Svenn","email":"test","message":""},{"clientName":"Svenn","email":"test","message":""},{"clientName":"Svenn","email":"test","message":""},{"clientName":"Svenn","email":"test","message":""},{"clientName":"Svenn","email":"test","message":""},{"clientName":"Svenn","email":"test","message":""},{"clientName":"Svenn","email":"test","message":""},{"clientName":"Svenn","email":"test","message":""},{"clientName":"Svenn","email":"test","message":""},{"clientName":"Svenn","email":"test","message":""},{"clientName":"Svenn","email":"test","message":""},{"clientName":"Svenn","email":"test","message":""},{"clientName":"Svenn","email":"test","message":""},{"clientName":"Svenn","email":"test","message":""},{"clientName":"Svenn","email":"test","message":""},{"clientName":"Svenn","email":"test","message":""},{"clientName":"Svenn","email":"test","message":""},{"clientName":"Svenn","email":"test","message":""},{"clientName":"Svenn","email":"test","message":""},{"clientName":"Svenn","email":"test","message":""},{"clientName":"Svenn","email":"test","message":""},{"clientName":"Svenn","email":"test","message":""},{"clientName":"Svenn","email":"test","message":""},{"clientName":"Svenn","email":"test","message":""},{"clientName":"Svenn","email":"test","message":""},{"clientName":"Svenn","email":"test","message":""},{"clientName":"Svenn","email":"test","message":""},{"clientName":"Svenn","email":"test","message":""},{"clientName":"Svenn","email":"test","message":""},{"clientName":"Svenn","email":"test","message":""},{"clientName":"Svenn","email":"test","message":""},{"clientName":"Svenn","email":"test","message":""},{"clientName":"Svenn","email":"test","message":""},{"clientName":"Svenn","email":"test","message":""},{"clientName":"Svenn","email":"test","message":""},{"clientName":"Svenn","email":"test","message":""},{"clientName":"Svenn","email":"test","message":""},{"clientName":"Svenn","email":"test","message":""},{"clientName":"Svenn","email":"test","message":""},{"clientName":"Svenn","email":"test","message":""},{"clientName":"Svenn","email":"test","message":""},{"clientName":"Svenn","email":"test","message":""},{"clientName":"Svenn","email":"test","message":""},{"clientName":"Svenn","email":"test","message":""},{"clientName":"Svenn","email":"test","message":""},{"clientName":"Svenn","email":"test","message":""},{"clientName":"Svenn","email":"test","message":""},{"clientName":"Svenn","email":"test","message":""},{"clientName":"Svenn","email":"test","message":""},{"clientName":"Svenn","email":"test","message":""},{"clientName":"Svenn","email":"test","message":""},{"clientName":"Svenn","email":"test","message":""},{"clientName":"Svenn","email":"test","message":""},{"clientName":"Svenn","email":"test","message":""},{"clientName":"Svenn","email":"test","message":""},{"clientName":"Svenn","email":"test","message":""},{"clientName":"Svenn","email":"test","message":""},{"clientName":"Svenn","email":"test","message":""},{"clientName":"Svenn","email":"test","message":""},{"clientName":"Svenn","email":"test","message":""},{"clientName":"Svenn","email":"test","message":""},{"clientName":"Svenn","email":"test","message":""},{"clientName":"Svenn","email":"test","message":""},{"clientName":"Svenn","email":"test","message":""},{"clientName":"Svenn","email":"test","message":""},{"clientName":"Svenn","email":"test","message":""},{"clientName":"Svenn","email":"test","message":""},{"clientName":"Svenn","email":"test","message":""},{"clientName":"Svenn","email":"test","message":""},{"clientName":"Svenn","email":"test","message":""},{"clientName":"Svenn","email":"test","message":""},{"clientName":"Svenn","email":"test","message":""},{"clientName":"Svenn","email":"test","message":""},{"clientName":"Svenn","email":"test","message":""},{"clientName":"Svenn","email":"test","message":""},{"clientName":"Svenn","email":"test","message":""},{"clientName":"Svenn","email":"test","message":""},{"clientName":"Svenn","email":"test","message":""},{"clientName":"Svenn","email":"test","message":""},{"clientName":"Svenn","email":"test","message":""},{"clientName":"Svenn","email":"test","message":""},{"clientName":"Svenn","email":"test","message":""},{"clientName":"Svenn","email":"test","message":""},{"clientName":"Svenn","email":"test","message":""},{"clientName":"Svenn","email":"test","message":""},{"clientName":"Svenn","email":"test","message":""},{"clientName":"Svenn","email":"test","message":""},{"clientName":"Svenn","email":"test","message":""},{"clientName":"Svenn","email":"test","message":""},{"clientName":"Svenn","email":"test","message":""},{"clientName":"Svenn","email":"test","message":""},{"clientName":"Svenn","email":"test","message":""},{"clientName":"Svenn","email":"test","message":""},{"clientName":"Svenn","email":"test","message":""},{"clientName":"Svenn","email":"test","message":""},{"clientName":"Svenn","email":"test","message":""},{"clientName":"Svenn","email":"test","message":""},{"clientName":"Svenn","email":"test","message":""},{"clientName":"Svenn","email":"test","message":""},{"clientName":"Svenn","email":"test","message":""},{"clientName":"Svenn","email":"test","message":""},{"clientName":"Svenn","email":"test","message":""},{"clientName":"Svenn","email":"test","message":""},{"clientName":"Svenn","email":"test","message":""},{"clientName":"Svenn","email":"test","message":""},{"clientName":"Svenn","email":"test","message":""},{"clientName":"Svenn","email":"test","message":""},{"clientName":"Svenn","email":"test","message":""},{"clientName":"Svenn","email":"test","message":""},{"clientName":"Svenn","email":"test","message":""},{"clientName":"svenn","email":"sss","message":""},{"clientName":"svenn","email":"sss","message":""},{"clientName":"svenn","email":"sss","message":""},{"clientName":"svenn","email":"sss","message":""},{"clientName":"svenn","email":"sss","message":""},{"clientName":"svenn","email":"sss","message":""},{"clientName":"svenn","email":"sss","message":""},{"clientName":null,"email":null,"message":null},{"clientName":null,"email":null,"message":null},{"clientName":"sss","email":"ss","message":""},{"clientName":"sss","email":"ddd","message":""},{"clientName":"svenn","email":"skb@markvn10.com","message":""},{"clientName":"Svenn","email":"test","message":""},{"clientName":"svenn","email":"fghjk","message":""},{"clientName":"kari hansen","email":"skb@markvn10.com","message":"help"},{"clientName":"ssssss","email":"sssss","message":""},{"clientName":"ss","email":"zz","message":""},{"clientName":"ss","email":"zz","message":""},{"clientName":"ss","email":"ss","message":""},{"clientName":"h","email":"h","message":""},{"clientName":"sc","email":"ss","message":""},{"clientName":"svenn","email":"nnn","message":""},{"clientName":"ss","email":"ss","message":""},{"clientName":"ss","email":"ss","message":""}]