[{"establishment":"Tree Tops","clientName":"Svenn k.Berg","email":"skb@markvn10.com","checkin":"2019-06-07","checkout":"2019-06-21"},{"establishment":"Coast to Coast","clientName":"Svenn Kristoffer Berg","email":"skb@markvn10.com","checkin":"2019-06-22","checkout":"2019-06-28","PhoneNr":"46486614"},{"establishment":"Peace and Quiet","clientName":"SVenn","email":"s\u00f8@br\u00f8nnesund.com","checkin":"2019-06-19","checkout":"2019-06-23","PhoneNr":"484848484"},{"establishment":"The Hideaway","clientName":"Svenn","email":"skb@markvn10.com","checkin":"2019-06-22","checkout":"2019-06-27","PhoneNr":"456"},{"establishment":"Koselig hytte Spa Resort","clientName":"test","email":"test@mail.com","checkin":"2019-09-11","checkout":"2019-09-21","PhoneNr":"123547"}]