[{"establishmentName":"Sunset Beach","establishmentEmail":"info@sunsetbeach.com","imageUrl":"https:\/\/images.unsplash.com\/photo-1439130490301-25e322d88054?ixlib=rb-1.2.1&ixid=eyJhcHBfaWQiOjEyMDd9&auto=format&fit=crop&w=1489&q=80","price":"85","maxGuests":"18","googleLat":"60.393388","googleLong":"5.228720","description":"Get ready for some amazing sunsets as you sip a cocktail and watch dolphins play in the harbour below.","selfCatering":"ture","id":"1","contryChosing":"Monaco","CityCenter":"1.5km","animal":"Yes","store":"1.5km","babyBead":"Yes","tV":"Yes","parking":"Yes","Wifi":"Yes","adress":"Williams Street"},{"establishmentName":"Rest Easy","establishmentEmail":"management@resteasy.com","imageUrl":"https:\/\/images.unsplash.com\/photo-1512552288940-3a300922a275?ixlib=rb-1.2.1&ixid=eyJhcHBfaWQiOjEyMDd9&auto=format&fit=crop&w=751&q=80","price":"120","maxGuests":"14","googleLat":"60.396779","googleLong":"5.235602","description":"Need some time off from your busy life to relax and unwind? Choose Rest Easy for the complete relaxation experience you desire.","selfCatering":"false","id":"2","contryChosing":"Fiji","CityCenter":"2.0km","animal":"Yes","store":"1.5km","babyBead":"No","tV":"Yes","parking":"Yes","Wifi":"Yes","adress":"11 Toti St Wailada Ind Es, National"},{"establishmentName":"The Hideaway","establishmentEmail":"info@hideaway.com","imageUrl":"https:\/\/images.unsplash.com\/photo-1551906993-c8b38a6ab201?ixlib=rb-1.2.1&ixid=eyJhcHBfaWQiOjEyMDd9&auto=format&fit=crop&w=666&q=80","price":"70","maxGuests":"2","googleLat":"60.425168","googleLong":"5.358141","description":"This secluded wilderness cabin is the perfect spot for a restful and cosy getaway.","selfCatering":"true","id":"3","contryChosing":"Finland","CityCenter":"3.5km","animal":"Yes","store":"2.5km","babyBead":"true","tV":"Yes","parking":"Yes","Wifi":"Yes","adress":"Pohjoisesplanadi 19"},{"establishmentName":"Farm Cottage","establishmentEmail":"info@cottageholidays.com","imageUrl":"https:\/\/images.unsplash.com\/photo-1505916349660-8d91a99c3e23?ixlib=rb-1.2.1&ixid=eyJhcHBfaWQiOjEyMDd9&auto=format&fit=crop&w=750&q=80","price":"100","maxGuests":"8","googleLat":"60.421750","googleLong":"5.371878","description":"Voted the best B&B in Norway, this farm cottage is available for family holidays throughout the summer.","selfCatering":"false","id":"4","contryChosing":"Norway","CityCenter":"1.0km","animal":"Yes","store":"1.5km","babyBead":"No","tV":"Yes","parking":"Yes","adress":"Mor Go Hjertas vei 223","Wifi":"Yes"},{"establishmentName":"Tree Tops","establishmentEmail":"enquiries@treetops.com","imageUrl":"https:\/\/images.unsplash.com\/photo-1550355191-aa8a80b41353?ixlib=rb-1.2.1&auto=format&fit=crop&w=334&q=80","price":"95","maxGuests":"6","googleLat":"60.405482","googleLong":"5.352511","description":"For a getaway like no other, this unique treehouse offers a cosy and comfortable wilderness experience.","selfCatering":"true","id":"5","contryChosing":"USA","CityCenter":"1.0km","animal":"Yes","store":"1.0km","babyBead":"No","tV":"Yes","parking":"Yes","adress":"3558 Lang Avenue, Sacramento, California, USA","Wifi":"Yes"},{"establishmentName":"Coast to Coast","establishmentEmail":"enquiries@coasttocoast.com","imageUrl":"https:\/\/images.unsplash.com\/photo-1544085701-4d54e9f41c45?ixlib=rb-1.2.1&ixid=eyJhcHBfaWQiOjEyMDd9&auto=format&fit=crop&w=889&q=80","price":"55","maxGuests":"4","googleLat":"60.397053","googleLong":"5.322961","description":"This trendy apartment in the heart of the city is the perfect base from which to explore Bergen.","selfCatering":"true","id":"6","contryChosing":"Finland","CityCenter":"1.2km","animal":"Yes","store":"2.5km","babyBead":"Yes","tV":"Yes","parking":"Yes","Wifi":"Yes","adress":"Kylm\u00e4niementie 22"},{"establishmentName":"Koselig hytte Spa Resort","establishmentEmail":"info@koselighyttespa.no","imageUrl":"https:\/\/images.unsplash.com\/photo-1469394576569-858815b13427?ixlib=rb-1.2.1&ixid=eyJhcHBfaWQiOjEyMDd9&auto=format&fit=crop&w=849&q=80","price":"105","maxGuests":"4","googleLat":"60.487134","googleLong":"5.353859","description":"A beautiful lakeside retreat where you can relax, unwind and explore the beauty of the natural world.","selfCatering":"false","id":"7","contryChosing":"Norway","CityCenter":"0.5km","animal":"Yes","store":"0.5km","babyBead":"No","tV":"Yes","parking":"Yes","adress":"Saatvedtveien 245","Wifi":"Yes"},{"establishmentName":"City Break","establishmentEmail":"info@citybreakapartment.no","imageUrl":"https:\/\/images.unsplash.com\/photo-1509365390695-33aee754301f?ixlib=rb-1.2.1&ixid=eyJhcHBfaWQiOjEyMDd9&auto=format&fit=crop&w=750&q=80","price":"60","maxGuests":"2","googleLat":"60.390076","googleLong":"5.318007","description":"If you're in Bergen on business or for a holiday, this cosy and classy apartment is the perfect place to stay.","selfCatering":"true","id":"8","contryChosing":"Canada","CityCenter":"1.0km","animal":"Yes","store":"1.0km","babyBead":"No","tV":"Yes","parking":"Yes","Wifi":"Yes","adress":"1086 Stoney Creek"},{"establishmentName":"Fjell Hotel","establishmentEmail":"desk@fjellhotel.com","imageUrl":"https:\/\/images.unsplash.com\/photo-1501117716987-c8c394bb29df?ixlib=rb-1.2.1&ixid=eyJhcHBfaWQiOjEyMDd9&auto=format&fit=crop&w=750&q=80","price":"160","maxGuests":"4","googleLat":"60.353245","googleLong":"5.118213","description":"For a restful and relaxing trip, come visit our luxurious boutique hotel, with views of the sea from all our rooms","selfCatering":"false","id":"9","contryChosing":"Maldives","CityCenter":"1.1km","animal":"Yes","store":"1.1km","babyBead":"Yes","tV":"Yes","parking":"Yes","Wifi":"Yes","adress":"P.O. Box 30398, Lilongwe 3"},{"establishmentName":"Glede Mountain Lodge","establishmentEmail":"enquiries@gledemountain.no","imageUrl":"https:\/\/images.unsplash.com\/photo-1517320964276-a002fa203177?ixlib=rb-1.2.1&ixid=eyJhcHBfaWQiOjEyMDd9&auto=format&fit=crop&w=375&q=80","price":"110","maxGuests":"6","googleLat":"60.406214","googleLong":"5.376560","description":"A luxury hotel nestled in the mountains. Our award winning chef will cater for your every desire.","selfCatering":"false","id":"10","contryChosing":"Finland","CityCenter":"1.8km","animal":"Yes","store":"1.7km","babyBead":"No","tV":"Yes","parking":"Yes","Wifi":"No","adress":"Kiannonkatu 20"},{"establishmentName":"Home from Home","establishmentEmail":"info@homefromhome.com","imageUrl":"https:\/\/images.unsplash.com\/photo-1546555648-fb7876c40c58?ixlib=rb-1.2.1&ixid=eyJhcHBfaWQiOjEyMDd9&auto=format&fit=crop&w=755&q=80","price":"80","maxGuests":"10","googleLat":"60.345025","googleLong":"5.304774","description":"A large and tastefully decorated home away from home. Perfect for bigger families or groups of friends.","selfCatering":"true","id":"11","contryChosing":"Denmark","CityCenter":"1.9km","animal":"Yes","store":"1.5km","babyBead":"Yes","tV":"Yes","parking":"Yes","Wifi":"No","adress":"Toftvej 66"},{"establishmentName":"Lodge Hotel","establishmentEmail":"info@lodgehotel.com","imageUrl":"https:\/\/images.unsplash.com\/photo-1548873902-8b69fb85030a?ixlib=rb-1.2.1&ixid=eyJhcHBfaWQiOjEyMDd9&auto=format&fit=crop&w=334&q=80","price":"75","maxGuests":"20","googleLat":"60.311531","googleLong":"5.468150","description":"A family-friendly lodge with beautiful, well-appointed rooms. Located in a stunning valley close to winter sports facilities.","selfCatering":"false","id":"12","contryChosing":"Switzerland","CityCenter":"1.0km","animal":"Yes","store":"1.2km","babyBead":"No","tV":"Yes","parking":"Yes","Wifi":"No","adress":"Kappelergasse 20"},{"establishmentName":"The Shed","establishmentEmail":"enquiries@theshedaccomodation.no","imageUrl":"https:\/\/images.unsplash.com\/photo-1499696010180-025ef6e1a8f9?ixlib=rb-1.2.1&auto=format&fit=crop&w=750&q=80","price":"50","maxGuests":"2","googleLat":"60.335076","googleLong":"5.406012","description":"A rustic and cosy rural cottage, perfect for romantic weekends away and quiet retreats into nature.","selfCatering":"true","id":"13","contryChosing":"Sweden","CityCenter":"1.5km","animal":"Yes","store":"1.4km","babyBead":"Yes","tV":"Yes","parking":"Yes","Wifi":"Yes","adress":"Lilles\u00e4ter 51"},{"establishmentName":"Innsj Hus","establishmentEmail":"enquiries@innsjhus.no","imageUrl":"https:\/\/images.unsplash.com\/photo-1469394576569-858815b13427?ixlib=rb-1.2.1&ixid=eyJhcHBfaWQiOjEyMDd9&auto=format&fit=crop&w=849&q=80","price":"200","maxGuests":"8","googleLat":"61.084654","googleLong":"6.228147","description":"Located on the banks of a beautiful and idyllic lake, this large and luxurious home is perfect for a rural getaway.","selfCatering":"true","id":"14","contryChosing":"Fnnland","CityCenter":"2.5km","animal":"No","store":"2.1km","babyBead":"Yes","tV":"Yes","parking":"Yes","Wifi":"Yes","adress":"Snellmaninkatu 40"},{"establishmentName":"Peace and Quiet","establishmentEmail":"enquiries@peaceandquiet.no","imageUrl":"https:\/\/images.unsplash.com\/photo-1479123142480-cbdc7b84de24?ixlib=rb-1.2.1&ixid=eyJhcHBfaWQiOjEyMDd9&auto=format&fit=crop&w=678&q=80","price":"150","maxGuests":"10","googleLat":"60.374245","googleLong":"6.200421","description":"A large and welcoming lake house retreat in the heart of a beautiful valley.","selfCatering":"true","id":"15","contryChosing":"Norway","CityCenter":"2.0km","animal":"Yes","store":"2.0km","babyBead":"No","tV":"Yes","parking":"Yes","adress":"Bodils vei 207","Wifi":"Yes"},{"establishmentName":"Adam's Place","establishmentEmail":"enquiries@adamsplace.no","imageUrl":"https:\/\/images.unsplash.com\/photo-1507038772120-7fff76f79d79?ixlib=rb-1.2.1&auto=format&fit=crop&w=667&q=80","price":"60","maxGuests":"3","googleLat":"60.383708","googleLong":"5.364432","description":"Rest, relax and explore Bergen from this beautiful home in a quiet neighbourhood.","selfCatering":"true","id":"16","contryChosing":"Germany","CityCenter":"2.5km","animal":"No","store":"2.4km","babyBead":"No","tV":"Yes","parking":"Yes","Wifi":"Yes","adress":"Rohrdamm 21"},{"establishmentName":"Buena Vista","establishmentEmail":"info@buenavista.com","imageUrl":"https:\/\/images.unsplash.com\/photo-1523791633495-94ebabc8a795?ixlib=rb-1.2.1&ixid=eyJhcHBfaWQiOjEyMDd9&auto=format&fit=crop&w=1351&q=80","price":"45","maxGuests":"6","googleLat":"60.374416","googleLong":"5.194310","description":"With wonderful views of the surrounding area, and a host who is passionate about the area, Buena Vista is a must for those looking for an authentic experience at a reasonable price.","selfCatering":"false","id":"17","contryChosing":"Denmark","CityCenter":"3.5km","animal":"Yes","store":"2.5km","babyBead":"Yes","tV":"Yes","parking":"Yes","Wifi":"Yes","adress":"Stokl\u00f8kken 31"},{"establishmentName":"svenn","establishmentEmail":"sk","imageUrl":"bm,","price":"3","maxGuests":"3","description":"test","selfCatering":null,"contryChosing":"Norway","adress":"home","shop":"8","cityC":"71","parking":null,"babyBead":null,"tV":null,"animal":null,"id":"70"},{"establishmentName":"svenn","establishmentEmail":"test","imageUrl":"eeee","price":"5","maxGuests":"3","description":"tet","selfCatering":"Yes","contryChosing":"norge","adress":"tet","shop":"3","cityC":"3","parking":"Yes","babyBead":"Yes","tV":"Yes","animal":"Yes","id":"71"},{"establishmentName":null,"establishmentEmail":null,"imageUrl":null,"price":null,"maxGuests":null,"description":null,"selfCatering":null,"contryChosing":null,"adress":null,"shop":null,"cityC":null,"parking":null,"babyBead":null,"tV":null,"animal":null,"id":null},{"establishmentName":"eee","establishmentEmail":"eeee","imageUrl":"eeee","price":"6","maxGuests":"9","description":"eee","selfCatering":"No","contryChosing":"eee","adress":"eeee","shop":"4","cityC":"4","parking":"No","babyBead":"No","tV":"No","animal":"No","id":"72"},{"establishmentName":null,"establishmentEmail":null,"imageUrl":null,"price":null,"maxGuests":null,"description":null,"selfCatering":null,"contryChosing":null,"adress":null,"shop":null,"cityC":null,"parking":null,"babyBead":null,"tV":null,"animal":null,"id":null},{"establishmentName":null,"establishmentEmail":null,"imageUrl":null,"price":null,"maxGuests":null,"description":null,"selfCatering":null,"contryChosing":null,"adress":null,"shop":null,"cityC":null,"parking":null,"babyBead":null,"tV":null,"animal":null,"id":null},{"establishmentName":null,"establishmentEmail":null,"imageUrl":null,"price":null,"maxGuests":null,"description":null,"selfCatering":null,"contryChosing":null,"adress":null,"shop":null,"cityC":null,"parking":null,"babyBead":null,"tV":null,"animal":null,"id":null},{"establishmentName":null,"establishmentEmail":null,"imageUrl":null,"price":null,"maxGuests":null,"description":null,"selfCatering":null,"contryChosing":null,"adress":null,"shop":null,"cityC":null,"parking":null,"babyBead":null,"tV":null,"animal":null,"id":null},{"establishmentName":"Apple Norway","establishmentEmail":"ssss","imageUrl":"sss","price":"2","maxGuests":"3","description":"tet","selfCatering":"No","contryChosing":"norge","adress":"eee","shop":"2","cityC":"2","parking":"No","babyBead":"No","tV":"No","animal":"No","id":"73"},{"establishmentName":"fcgvhbjlnk\u00f8ml,","establishmentEmail":"xtcyuvghbijnokml,txycuvghbij","imageUrl":"xrcytvuyibuonipm","price":"2","maxGuests":"2","description":"fyghbkj lnk","selfCatering":"Yes","contryChosing":"xtrcytgvuhbjnlk","adress":"ycfguvh bjlnk\u00f8ml","shop":"2","cityC":"2","parking":"Yes","babyBead":"Yes","tV":"Yes","animal":"Yes","id":"90"},{"establishmentName":null,"establishmentEmail":null,"imageUrl":null,"price":null,"maxGuests":null,"description":null,"selfCatering":null,"contryChosing":null,"adress":null,"shop":null,"cityC":null,"parking":null,"babyBead":null,"tV":null,"animal":null,"id":null},{"establishmentName":null,"establishmentEmail":null,"imageUrl":null,"price":null,"maxGuests":null,"description":null,"selfCatering":null,"contryChosing":null,"adress":null,"shop":null,"cityC":null,"parking":null,"babyBead":null,"tV":null,"animal":null,"id":null},{"establishmentName":"sssss","establishmentEmail":"sssss","imageUrl":"ssssss","price":"11","maxGuests":"2","description":"sss","selfCatering":"No","contryChosing":"sss","adress":"sss","shop":"1","cityC":"1","parking":"No","babyBead":"No","tV":"No","animal":"No","id":"90"}]